{
  "project_info": {
    "project_number": "708460999406",
    "project_id": "login-register-screens",
    "storage_bucket": "login-register-screens.appspot.com"
  },
  "client": [
    {
      "client_info": {
        "mobilesdk_app_id": "1:708460999406:android:65629d74b63c444d6e39ff",
        "android_client_info": {
          "package_name": "com.example.group_project"
        }
      },
      "oauth_client": [
        {
          "client_id": "708460999406-mgamc2514l313rub4l1tdpbf3rpjcu4f.apps.googleusercontent.com",
          "client_type": 3
        }
      ],
      "api_key": [
        {
          "current_key": "AIzaSyDZAjON0DQ2Qch3LSOyRJ7l_ABupVXncEI"
        }
      ],
      "services": {
        "appinvite_service": {
          "other_platform_oauth_client": [
            {
              "client_id": "708460999406-mgamc2514l313rub4l1tdpbf3rpjcu4f.apps.googleusercontent.com",
              "client_type": 3
            }
          ]
        }
      }
    }
  ],
  "configuration_version": "1"
}